zipcode,agg_count_log,price_log,person_capacity,review_rating_location,review_length_log,crime_words_perc_old,sentiment_neg_avg,lda2,lda3,lda4,lda5,lda_pca1,lda_pca2,d2v_pca1,d2v_pca2,crime_score,crime_score_log,race_index,gini_index,edu_bachelors,age_25_34,square_feet_log,listings_count_log,gentrifying,non_gentrifying,higher_income,crime_score_norm,gentrification_score
10001.0,7.73247453464116,5.252437186356975,3.142,9.711,3.432706681937612,0.02824858757062147,0.018555910262432293,0.18419644437115548,0.29720478509239906,0.14005762293827745,0.1825629661835029,-0.10936108166573115,-0.030593192233439304,0.055256539787832265,0.03576313511534924,15714.666666666666,9.66190943711563,0.5602299948999038,0.6042824211666206,0.6816013529896736,0.22521745194370546,6.35885337100024,3.8669787807643146,0.0,0.0,1.0,0.5263169707988239,0.48491085208025436
10002.0,8.731934291713236,5.091837940430299,3.0203333333333333,9.261333333333335,3.444471532444378,0.037337263571604024,0.019438172464456893,0.21603364038493278,0.29342061339165243,0.14304126362111333,0.18591763106158252,-0.09502171960312734,-0.05780651624975506,0.0937885750925131,0.010445757440855562,14396.0,9.574689490613792,0.6883342644044509,0.5669644013396464,0.31862884839375816,0.17834069338937605,6.6432589679096195,4.381943290922145,1.0,0.0,0.0,0.4819204094000404,0.3787358538636579
10003.0,8.604904773959781,5.20640916716966,3.1803333333333335,9.789000000000001,3.4618131929982296,0.035863424220093344,0.01666709675027982,0.21168274213024715,0.32022431381118843,0.11980733865140619,0.18587880761571499,-0.11154301037604614,-0.08012237974174759,0.09395151757603992,0.01173848494866551,11955.333333333334,9.387537313068234,0.37816227324462187,0.5536597415921278,0.7882855400443076,0.2738082560027639,6.406351232500803,4.562831677914761,1.0,0.0,0.0,0.39974861401027995,0.5675685300768595
10004.0,4.946276724332301,5.2066437022846515,3.217333333333334,9.745333333333333,3.4267812325582123,0.01007123556865635,0.012689900523049696,0.20133242972047724,0.30202746445358836,0.11470057904098713,0.2216788605235309,-0.07420151257196406,-0.07521723093954351,0.11565903858035324,0.016679248931875338,116.33333333333333,4.696251804509325,0.4034695215523243,0.4635467678308487,0.8436158194144566,0.28683872666209936,7.7995105744628646,2.5172374051171036,0.0,0.0,1.0,0.001155926649159428,0.6378751731411842
10005.0,5.944353128462134,5.181536188458462,2.967333333333333,9.582,3.3717560672090987,0.013018914271677721,0.012908174819227047,0.20239104715524237,0.34278402042952916,0.10608271154429409,0.1580762944980423,-0.1559182715659456,-0.07241881666212442,0.15098304057496317,0.05058667110643215,925.6666666666666,6.826590808210323,0.4074451101575202,0.4868559749835792,0.8818689717228215,0.4650198893994093,6.53142913473462,2.6654390772655816,0.0,0.0,1.0,0.028404372320606924,0.6795790707255366
10006.0,5.067134946354275,5.112840975539677,2.547,9.750333333333334,3.4167769573626274,0.012281994595922378,0.016789098362830684,0.18867053740728157,0.31312593165727826,0.12578736523010794,0.19951438778397165,-0.09808760481206902,-0.06405754905456824,0.14992334511843863,0.027714644182719406,1150.0,7.047751900732812,0.4731469185401996,0.4592114940751344,0.8664055431882541,0.469761126836141,6.3091242770386,1.9620346771500519,0.0,0.0,1.0,0.035957174601036965,0.6572548141916587
10007.0,4.887871935537184,5.485873033110596,3.711,9.677,3.5388571793699115,0.008106116433308769,0.011592265044896624,0.1863758695543262,0.21152472960937616,0.10467639177726458,0.32336361049230805,0.042019812823973234,-0.02527801736300429,0.10700579992426189,-0.018500591743116395,1672.0,7.419258886398346,0.4708552675050062,0.5033628301850209,0.7821734560281038,0.2645596608271202,6.9148143437961735,2.633669017330807,0.0,0.0,1.0,0.053531748703790995,0.6051417861662896
10009.0,8.681513132217995,5.0682463494662136,2.905666666666667,9.514666666666669,3.4347179029309287,0.036109064112011785,0.016518203836619692,0.20677298488558316,0.290083299609367,0.13920157521380777,0.2088947478776717,-0.07291253454845671,-0.06293610630118097,0.08795045123774743,-0.0018912110276906192,10015.333333333334,9.211280646524328,0.5913036088847244,0.527644257992506,0.5841676386694113,0.2530441568791866,6.521277950791109,4.114395869828684,1.0,0.0,0.0,0.3344331470383588,0.4878238595236042
10011.0,8.190865159988045,5.2400173770713465,2.6443333333333334,9.912999999999998,3.437739750251621,0.027020388111029234,0.015956430127548344,0.19963390951233584,0.3330793491290727,0.10873743968532008,0.19476578884604254,-0.11189378640954618,-0.08939398908419345,0.09856983235170837,0.0018156329501514688,14986.333333333334,9.614491105249042,0.3619586369022727,0.5783576464358097,0.7760522240648666,0.2518077347955356,6.427496811997368,4.311490377700918,0.0,0.0,1.0,0.5017956142122865,0.5484926708363306
10012.0,8.165587171202091,5.382655678181162,3.0873333333333335,9.981,3.4448211868623404,0.03021370670596905,0.016543512244452756,0.21776738017818378,0.32116622604059664,0.10158582001110465,0.1832067291146016,-0.12321490276435569,-0.07733318344169292,0.12597664265317401,0.025238702546600867,10894.0,9.294090693584637,0.4052710764420529,0.5232908273659026,0.7838549493749936,0.30817091201742497,6.5598358460106,4.272684384557153,0.0,0.0,1.0,0.36401589118577876,0.5692059442260978
10013.0,7.735076345399238,5.4473955871350155,3.4619999999999997,9.519,3.4278010280990423,0.02923114713829526,0.01719214246177431,0.19663404815144303,0.2774840133499484,0.12664821371721893,0.23720297341410357,-0.048860390966849104,-0.056224542722414665,0.10706918477402351,0.016378068362391387,2711.3333333333335,7.905477895056897,0.5740302286382454,0.6537501764396438,0.6129305738210679,0.20423246511879065,7.195721060842554,4.3387742101472115,1.0,0.0,0.0,0.08852378066572397,0.5616718412151066
10014.0,8.268244672109516,5.317278807239609,2.715666666666667,9.982666666666667,3.48168278611214,0.029722426922132155,0.015369204353996878,0.23407243386173435,0.3281933823807122,0.0807450362876816,0.19973910993101854,-0.1119212487560484,-0.10699019221164734,0.15025799789531827,1.5844888902272203e-05,3463.6666666666665,8.144064301343787,0.2080630774920185,0.5254529845939638,0.8315149995436272,0.3194490408649048,6.346548261777207,4.496242410630101,0.0,0.0,1.0,0.11385316364779026,0.6709001567725373
10016.0,7.823682119930308,5.2408531215427585,3.266666666666667,9.671999999999999,3.4048402779479585,0.02923114713829526,0.017253861607273224,0.18017855259987423,0.3198033753151969,0.13081627072345,0.17666805089581336,-0.12454611648184462,-0.047938522533990495,0.05830403546195614,0.041047546916735705,2936.0,7.985073584987526,0.4359837315666179,0.5127944398554973,0.7813453012208144,0.3313862718750412,6.675346414221996,4.070081311199662,0.0,0.0,1.0,0.0960878055349808,0.6186908951699509
10017.0,6.636634789209331,5.245411937541842,2.937,9.896666666666667,3.4263573897964856,0.013264554163596167,0.016810047184322493,0.19086907347454696,0.307617393751845,0.12898478373057268,0.18851626278020064,-0.10789434434710261,-0.050747604714448426,0.06512081370550242,0.025722900461782574,3811.6666666666665,8.244841852896448,0.4066254689047734,0.5163737307448173,0.8118741611515482,0.2980401293685038,6.441698878796459,3.4495193050788835,0.0,0.0,1.0,0.1255695463829596,0.6188186011954273
10018.0,7.019345595733438,5.125955651008997,3.0796666666666668,9.657333333333334,3.4319533721315665,0.02087939081306804,0.019471122115205478,0.18094372829077968,0.2944186708023598,0.14617175585846612,0.16138929895521956,-0.130793523681317,-0.008931979396064481,0.03641505776119249,0.048730359431789154,13125.666666666666,9.482383059846695,0.5743894878930101,0.49610125687225565,0.7124666923284529,0.40893413285414376,5.6047365669524565,3.154218100196724,0.0,0.0,1.0,0.4391511233811416,0.5207922941561401
10019.0,8.257818867775393,5.221184714069607,3.224,9.791666666666666,3.464607370028491,0.027757307786784573,0.017501213192973902,0.21068747283467051,0.2945667912823822,0.1350396976194754,0.17375470773606386,-0.11491442609944465,-0.04135816385628427,0.0587503452439401,0.020213582710087483,6073.666666666667,8.710199928218119,0.4643305486533791,0.5482482769875787,0.7106912034998337,0.28625724854568646,6.547534059829352,3.9855369286326963,0.0,0.0,1.0,0.2017260341615604,0.5758280292436319
10021.0,6.854422178408263,5.034532623878605,3.174,9.424333333333333,3.4151015987455153,0.014984033407025301,0.01671794036788854,0.20042417669828264,0.317641362470436,0.14162744251686823,0.17361768900218089,-0.11638486342428844,-0.06485527277882842,0.05487253201632559,0.006457258303597127,3873.0,8.259721280724115,0.28139137057587504,0.5786620420403779,0.8084254134322206,0.22410129273310306,6.253643875527122,3.359146953219856,0.0,0.0,1.0,0.1276345027270891,0.6404325749805476
10022.0,6.981716926314701,5.214790070366561,3.3670000000000004,9.874,3.4498682794445696,0.018668631785802015,0.018877787587636446,0.1950151510873713,0.3045608849510186,0.13419387449591152,0.17160967740571623,-0.12291953795174106,-0.03852298046706287,0.04404916486821572,0.046807364589227435,2609.6666666666665,7.865761881369384,0.25965235591866076,0.5785135546611855,0.8105593901748458,0.20180978288253149,6.584609589110233,3.4743516187462906,0.0,0.0,1.0,0.08510089107355286,0.6492258961452698
10023.0,7.329068257483016,5.284677953593154,3.0656666666666665,9.966666666666667,3.5207143333331814,0.0201424711373127,0.016941021818849652,0.24767349087314586,0.2875838804654291,0.09988049614379714,0.2045307260483383,-0.0882040570494639,-0.07759731994109187,0.0977677907820672,-0.008646045358938146,6635.0,8.799427235653424,0.3133704553474672,0.5647599761238477,0.8055654587348302,0.18594438003997013,6.2539164079239855,3.8592713082906958,0.0,0.0,1.0,0.2206248737458757,0.604454897161061
10024.0,7.470930165197344,5.1410596351166715,2.9506666666666668,9.941333333333334,3.4932623957076587,0.022353230164578727,0.016351776510503003,0.2405726870537649,0.285845396592831,0.11136299598079297,0.20114024562262264,-0.08749089701604877,-0.0706240405330564,0.07972708806726789,-0.012890463081441437,264.3333333333333,5.580718080388233,0.32417398775578476,0.5786512168512369,0.7798996005269389,0.1856272938847542,6.4354885404888655,3.874595607737792,0.0,0.0,1.0,0.006138756088254438,0.6427730734837782
10025.0,7.869330056705497,5.038088665315869,2.8526666666666665,9.436,3.446179292945555,0.02087939081306804,0.01641606019025856,0.2172704408830662,0.24296405705918386,0.1648386695059202,0.2267837588164977,-0.0308371631746911,-0.035615217148591345,0.02933612037440825,-0.028020148750543292,6259.0,8.740611511630108,0.53911460035791,0.5759579888156926,0.6776494314242155,0.1868149534240365,6.240392393245716,4.264596621192157,1.0,0.0,0.0,0.20796579354925596,0.5386683959513556
10026.0,7.188778714124637,4.729064807258798,2.9103333333333334,8.927666666666667,3.4813796355506983,0.021616310488823388,0.017148833327042923,0.1866082641926569,0.1980945790762374,0.22735691389184362,0.24064119021758365,0.015591105763159113,0.014709547419847853,-0.024016108411606767,-0.040257028325142864,12579.0,9.439151351024718,0.6047150829496483,0.5662239382509142,0.4138834091524283,0.20577658792336775,6.3771909375717755,3.714533134492646,1.0,0.0,0.0,0.42074607770520506,0.4320845549343713
10027.0,7.546867864804777,4.719183077793117,3.2253333333333334,8.734,3.45314631390866,0.026529108327192335,0.017918165769573734,0.1815208971419189,0.21250039021426104,0.22075923141199863,0.23891567703318495,0.007143944452764357,0.004534953779729455,-0.025704190082156214,-0.03099452327114161,8370.666666666666,9.031227272676894,0.7048623385683944,0.5774167058989406,0.4498066180199385,0.19526275665809711,6.342417291986222,4.164251405882791,1.0,0.0,0.0,0.27906089376697424,0.4477125696483215
10028.0,7.220601218988932,5.106664250865766,3.021333333333333,9.535,3.440036495984161,0.01915991156963891,0.017224995503695953,0.2164794478006733,0.2889938974641924,0.14341844798479822,0.17251883387935776,-0.10965937716119291,-0.04135889082323891,0.044700454755081186,0.004918342878679014,6232.0,8.736207608746811,0.2180735634174198,0.5661615834542317,0.8165582940230767,0.24704996747896069,6.404650963851295,3.330499476619614,0.0,0.0,1.0,0.20705676385428587,0.6409279035369126
10029.0,7.3945870937474005,4.7388809141608474,3.076,8.697333333333335,3.4636207928563465,0.023581429624170962,0.020784379410774004,0.18996340124036912,0.19432919171181537,0.2271253082558797,0.21487444758840338,-0.012926441786886322,0.038381102591409824,-0.031960088225339627,-0.005703204370138673,12353.666666666666,9.421497804075011,0.7296786447113845,0.6071559666500738,0.31848620052138965,0.19276442651947345,6.297785767287244,3.975373539713434,1.0,0.0,0.0,0.4131596076582946,0.39511366826425154
10030.0,6.563681148187597,4.556966699449955,2.9683333333333333,8.528999999999998,3.4233156034897356,0.01596659297469909,0.016951620194323818,0.1619461797869901,0.20454916693717148,0.22680333429179203,0.2649540408074784,0.03585032664821083,0.008324488304948158,-0.042342480403761505,-0.03285843101776337,12160.0,9.405539853643173,0.5100832355674356,0.5529517344742393,0.28412125406165917,0.20280875794589526,6.597565520374567,3.4337073605097017,1.0,0.0,0.0,0.4066392835499293,0.42463184547288574
10031.0,7.27577796150873,4.590265269328632,3.2520000000000002,8.756666666666666,3.4666286389602825,0.020388111029231146,0.016675788320898614,0.16185842140883325,0.18717223494657223,0.23301838213036188,0.26635062991131203,0.04255868524900214,0.02749400292028134,-0.03842181256795488,-0.028522962884367065,6751.666666666667,8.815744122342727,0.7452464191689311,0.510793760457697,0.31323532568911716,0.22157873685161275,6.67434768553652,3.9464491219126465,1.0,0.0,0.0,0.22455277983525243,0.41516172479884866
10032.0,6.451075075020824,4.397992268593236,2.4926666666666666,8.507666666666667,3.4498231474638126,0.013755833947433065,0.015291565717924437,0.14809283497930148,0.19182485514223038,0.2448315565268525,0.2794136768308299,0.059876691371631874,0.018293479913498643,-0.04587358729843477,-0.05058146047511911,10226.333333333334,9.231728419494441,0.7246311198565915,0.48020247445674613,0.2818910927077134,0.22205168860654037,6.383907547535716,3.7044874363525664,1.0,0.0,0.0,0.34153704576571725,0.38359541802973823
10034.0,5.790751595738293,4.250214496999358,2.9203333333333337,8.578666666666667,3.5809378850495563,0.013264554163596167,0.01811127073555744,0.16136469498325404,0.14958646900432523,0.23065172321053715,0.31623071428483357,0.10195008526268888,0.03639950222557797,-0.07417415295913009,-0.0434407475003697,11362.0,9.338002871822637,0.6433331332421707,0.4684112048125826,0.31409987378865484,0.1791927318709592,6.081361654567988,2.8487878562386726,1.0,0.0,0.0,0.3797724058985927,0.38771965426628663
10035.0,6.412482559999184,4.713019219458599,3.3383333333333334,7.954000000000001,3.391275431556003,0.01694915254237288,0.02176524631848334,0.15933532299191733,0.1959819352537733,0.2703425288164211,0.1961886412920827,-0.019146376568685,0.06282170163044802,-0.05654699474685972,0.005732885350612863,12771.333333333334,9.454762106543676,0.7005712687387131,0.5601193515855508,0.23585151265064874,0.18158760347093142,7.073277890030751,3.347329276593744,1.0,0.0,0.0,0.4272215114582633,0.3699531375020309
10037.0,5.1368209528963,4.5296034231330795,3.0583333333333336,8.710333333333333,3.434787312262704,0.00933431589290101,0.016332457636737577,0.16971155118853518,0.19807867424969283,0.22614950206671736,0.2650400669964181,0.03823706978872563,0.010156432945521014,-0.0374562381632903,-0.04029652926787469,8205.0,9.01145438725051,0.4297148908178012,0.48863991105463356,0.36495143458247187,0.1880219988524914,6.358735822370856,2.777596489472653,1.0,0.0,0.0,0.27348326712005927,0.4676830373103473
10038.0,6.488516555190142,5.105435916412536,2.967333333333334,9.319666666666667,3.4216393267698386,0.013510194055514615,0.014984080596556803,0.18739250470142496,0.26714436662118723,0.17553731976851975,0.20967745806278623,-0.05519168617679371,-0.029974433356589936,0.08903443442135572,0.0019480318747817586,2343.3333333333335,7.75857299499813,0.6302560776966857,0.5776593653329959,0.5958970041573047,0.2591371044268211,6.267600835623807,3.484177796373938,0.0,0.0,1.0,0.0761340426009472,0.5452606707238977
10039.0,5.794080623146489,4.306695644423516,2.2246666666666663,8.582666666666666,3.350132964098098,0.010071235568656349,0.015567310441650677,0.13683352866978507,0.19527543424423546,0.25319940755096987,0.2855346258705204,0.06789509274331985,0.015956286751241527,-0.05444188724104492,-0.05009438934144935,7833.333333333333,8.96600204608364,0.5254342289408669,0.515110879127557,0.2709468519749741,0.1712457192968577,5.521260204645681,2.6010088812107397,1.0,0.0,0.0,0.26097008057818777,0.43417982817606676
10044.0,4.127914213640915,4.616214950277197,2.5115,9.479500000000002,3.3984316608443375,0.0040530582166543845,0.011163265306122449,0.18815783862308144,0.17431813045957545,0.289666161380151,0.2336621310716449,0.04473149423211663,0.02605037690545906,-0.02746714400394806,-0.06593421195513996,1687.5,7.431594743730191,0.6300832778797485,0.4611903796903789,0.6123718091845513,0.19456192370504144,6.561022623945062,1.0986122886681098,0.0,0.0,1.0,0.05405359908423675,0.5167974471231973
10065.0,6.94669385230126,5.069417340707519,2.846,9.607666666666667,3.398755562152997,0.017931712110046672,0.017448213879894876,0.1820242604719826,0.2878953920752239,0.15853583084013637,0.17986550489406172,-0.1020668851733307,-0.02116214542974453,0.033386301954592454,0.02893929277292968,4159.333333333333,8.332975301687641,0.23441105871461335,0.5684782425766267,0.8120563670992852,0.22978080521027247,6.36285673800689,3.3937064297114694,0.0,0.0,1.0,0.13727470652930218,0.6477259299284538
10069.0,4.000542723882816,5.604034951384528,3.3290000000000006,9.18588752913753,3.620785774394672,0.004421518054532056,0.013403700237033571,0.2712778020992601,0.29520099732777005,0.08203243869599097,0.2181818966807041,-0.07671562450039036,-0.11317596346800124,0.15361534401424393,-0.010455349022966506,1691.0,7.432966803374403,0.404949075949844,0.5036931455445787,0.8844337328771751,0.2661508467420936,6.649437173820357,1.5214493971559453,0.0,0.0,1.0,0.054171436266918054,0.639031442589417
10162.0,3.6228751966014214,5.1154807790642245,2.9926666666666666,9.889000000000001,3.5514702628611765,0.0049127978383689515,0.01993998015873016,0.24356336811453935,0.22583853083548122,0.13786588497284344,0.2224520939927691,-0.042046763074482595,-0.02249569577578367,0.05886949711831335,-0.008468457122499959,5865.666666666667,8.676799385643909,0.1317504960267494,0.3441414095771809,0.9127312334006029,0.08782457251101732,6.561022623945061,1.1337324605540517,0.0,0.0,1.0,0.19472313873364308,0.6036447161456818
10280.0,5.062401702877697,5.203891633849879,2.953333333333333,10.0,3.4173769318886724,0.009088676000982558,0.011060135588586201,0.2298019164505581,0.3018011582772127,0.12031713984719287,0.20567012600884238,-0.08233849566939859,-0.08810451606340702,0.1482075896906068,-0.014843870773598486,424.0,6.048870294511615,0.42145950711953145,0.4497319960501045,0.8480922834078471,0.20047419017801682,6.588939819601727,2.1485732731285263,0.0,0.0,1.0,0.011514376136287119,0.61306491727603
10282.0,3.1354942159291497,5.3604373403564205,1.727,9.111,3.2457832777881253,0.002947678703021371,0.007227272727272726,0.1778733069923791,0.16514950431883335,0.09676438155160708,0.2484499066644772,-0.04627858228046644,0.10869759340558956,0.13773063628724513,0.037647981594747734,417.0,6.035481432524756,0.4380883816047572,0.4460552401142195,0.8603005855903031,0.21689879149198527,6.561022623945062,1.791759469228055,0.0,0.0,1.0,0.011278701770924516,0.6147775067641652
10301.0,5.289049075706063,4.258466781752425,3.228333333333333,8.375,3.5023830714213715,0.009334315892901008,0.018984287908711872,0.22770426811847747,0.10547692082658078,0.22798404966557806,0.2891299619934844,0.09137107942690796,0.05875197705038507,-0.07538905275438702,-0.07865146918209452,7577.0,8.930207457963105,0.5976604639242092,0.4868048262627174,0.3383619943354279,0.12527629375457766,5.859646894969921,2.4070350327274985,0.0,0.0,1.0,0.25233990977038584,0.42008854813162566
10303.0,3.1934396596813226,4.050859258766276,2.6245000000000003,8.288499999999999,3.6303500990482482,0.0003684598378776714,0.005841575091575091,0.15202126725945253,0.10859806747380442,0.23956624620880645,0.36376855022362653,0.1630860810810279,0.05475887787213946,-0.12715232493365425,-0.06929058335470528,6227.0,8.726634246205112,0.6830070480355062,0.48423624905990437,0.23421788424253465,0.14798416373669168,6.561022623945062,0.6931471805599453,0.0,0.0,1.0,0.20688842502188406,0.39530856479634807
10304.0,3.767381328518769,4.258508067271299,2.7455,8.7625,3.3293798543115516,0.004789977892409727,0.009732082866741322,0.1502648425269726,0.152901573991038,0.22139859124434086,0.34738636238360726,0.1293694993238811,0.019397698968715196,-0.07362368051518636,-0.08233909759966013,3080.5,8.031491219192691,0.6458150593098253,0.5325435702688992,0.29839289247989653,0.13769926890905482,4.599631421036398,1.868834809141684,0.0,0.0,1.0,0.10095279779139452,0.4443735749113261
10305.0,3.5553480614894135,4.334987436668095,2.5,9.0,3.5653815904789914,0.002947678703021371,0.010205882352941176,0.2074514117420596,0.17614940983955474,0.11903939631712787,0.3659959710750948,0.10710019287882386,-0.03740496187493456,-0.037486355620698464,-0.11544598533449822,6974.0,8.850087606689566,0.4003774365410209,0.4309856674808543,0.3225751660019159,0.14142003644994475,6.561022623945062,1.791759469228055,0.0,0.0,1.0,0.2320382465827217,0.4525130373617946
10306.0,3.332204510175204,4.66867066854999,5.7410000000000005,9.0,3.8132252696828433,0.002210759027266028,0.01888888888888889,0.2906268457709639,0.13926192269557053,0.1113266880037608,0.3364795682330926,0.09561022859381976,-0.03700246740049685,-0.10936167866497436,-0.1282090149201198,4621.0,8.438582790834326,0.21683315245900306,0.4393332964391448,0.30575046584010124,0.12492979552596807,6.561022623945062,1.3862943611198906,0.0,0.0,1.0,0.1528179920544071,0.5000724826583608
10451.0,4.3440820303863985,4.215849644202775,4.058333333333334,8.119333333333334,3.5526705500602342,0.005895357406042742,0.023490430292598962,0.18859048065922687,0.14524424507055944,0.2636059651174097,0.23540463787698926,0.03500623996482293,0.07273465038702107,-0.10522379615118582,-0.0196289898721669,13977.0,9.545023764573065,0.6531510938269397,0.5132650951854885,0.1686509426434835,0.14538119046095138,6.003136522592572,2.049489431972549,0.0,1.0,0.0,0.46781361524476467,0.34126650384364376
10452.0,4.085797646517744,4.483614103761511,4.182666666666667,8.020333333333333,3.4427367487965643,0.003930238270695161,0.0195227850399419,0.14346461695485013,0.16390048368411583,0.29190504681949686,0.2586735380518764,0.06315038160123186,0.05865774113087391,-0.09541381560778117,-0.011306703570966829,17325.666666666668,9.759937097177232,0.6359662894004335,0.470944179687649,0.1219566471626361,0.154368388253885,5.670045070237639,1.9620346771500519,0.0,1.0,0.0,0.5805557425987027,0.30614943662100674
10453.0,3.681778307296255,3.766457475769164,3.1940000000000004,8.0,3.6136138645086806,0.003438958486858266,0.021775431331953064,0.09772231129940993,0.17422800717793088,0.3242572680605464,0.24255413803033488,0.049389004748429575,0.0865361186270025,-0.2127006471245818,-0.017732823752158657,13642.333333333334,9.520804265892657,0.6141109941527247,0.4770466037055788,0.1256563934435447,0.1582455261858801,6.561022623945061,0.7675283643313486,0.0,1.0,0.0,0.456546136062667,0.33805827862392235
10454.0,5.281284946224111,4.148291055743109,2.5676666666666663,8.907333333333332,3.4505981528207244,0.009334315892901008,0.022855257404222073,0.15402701000230365,0.14561991762452317,0.2963677078942672,0.23541241791261047,0.04366370354514518,0.09055452468634358,-0.1263663051891539,-0.004801751843717221,10600.0,9.268571023176678,0.6545706790251037,0.5133916703877427,0.09029545268043876,0.1429028082250928,7.269766514469214,1.9227736652645906,1.0,0.0,0.0,0.3541175678405495,0.3475803368855242
10455.0,4.313203138194776,4.2742598815239425,3.669,8.0,3.597552632524669,0.0025792188651436996,0.015711309523809523,0.16679497204729285,0.1287684582930524,0.26480509819313225,0.33756269319842214,0.14835161126185958,0.028490516729600186,-0.09871809992758895,-0.09289737627308467,8358.0,9.031050543599664,0.6015161592513323,0.4871888816123828,0.09873447544872763,0.17192067667841915,6.276243585526522,1.7005986908310777,1.0,0.0,0.0,0.2786344353915561,0.3755386878193282
10456.0,4.222160127034154,3.918327597211149,2.5713333333333335,8.709554195804195,3.5287978613317996,0.004667157946450503,0.012024451627799583,0.12274441379275675,0.14627758488813722,0.28459742864129245,0.32003104069871097,0.1260291598248258,0.051092909997009016,-0.09044276680767628,-0.052843870332468325,17657.0,9.778552775317621,0.6199998388377329,0.4891294918343192,0.11846535414457322,0.1471424253160755,6.764054930446584,0.7324081924454066,1.0,0.0,0.0,0.5917109958925325,0.3086052873129405
10457.0,3.9937622399243837,4.152633367551138,3.84,8.564331293706292,3.3959312575945075,0.0014738393515106856,0.016100319035802908,0.17967821862773087,0.1352599645167185,0.3754262612790572,0.20388405262837592,0.05894123813140316,0.07713447407073236,-0.06320993582743932,-0.04775181527496407,13469.0,9.50795194478155,0.63871811889112,0.4943811079720035,0.12447318729013204,0.1498495816253126,6.561022623945062,1.3540251005511053,1.0,0.0,0.0,0.4507103898727358,0.33585507362471845
10461.0,3.4376160436382888,4.260243714924858,2.4555,8.0,3.423681594133892,0.0033161385408990414,0.013698781838316723,0.12800322735376846,0.1800750292046563,0.23731455436504442,0.28382293379773793,0.05633952144412728,0.051087898675199785,-0.0804209766095939,-0.009057314109526588,4296.0,8.36557161111293,0.6666940787108615,0.4481300256447867,0.2608722504600882,0.16456278858706358,6.561022623945062,1.5890269151739727,0.0,1.0,0.0,0.14187596794828633,0.41299900360655817
10463.0,3.739607608238508,4.244817434147094,2.1313333333333335,9.095887529137528,3.3178563725214185,0.0036845983787767134,0.011405251611133966,0.11473199948171542,0.2113361297558318,0.17799215477237385,0.3860679729405459,0.13389243482523833,-0.039477648023513064,-0.020038766152244106,-0.08183836700084746,4306.333333333333,8.366768823633938,0.6815044940643323,0.4909265266226915,0.38034459926187997,0.15949374164144195,6.333465062142623,2.12952046851521,0.0,1.0,0.0,0.14222386820191682,0.44140730105195286
10467.0,3.348517123833242,4.152300788541323,3.09,8.038499999999999,3.4905589497693663,0.0022107590272660285,0.024261936339522547,0.14440317032920488,0.19714428505067283,0.21765524914132467,0.28581844776527915,0.04971664122449835,0.021617706478884658,-0.06625025862947218,0.007475694370425202,14581.5,9.587415413856249,0.716068604553584,0.47444917977554724,0.18850177251268177,0.16369742780545496,6.561022623945062,1.6661022550876017,0.0,1.0,0.0,0.4881657800821494,0.32448279909159017
10468.0,3.5211430859698716,3.8565438170735042,2.8745000000000003,9.128662587412586,3.361437458175656,0.001842299189388357,0.01798186046511628,0.13301916404432337,0.13011240837575738,0.362827622826796,0.19971807775455852,0.03469704480321129,0.13459668671702738,-0.1130123404702312,-0.022777156328667364,16908.0,9.735600604027585,0.6241732687340118,0.455119970603846,0.16744541518390177,0.1692267579957843,6.4974777197760645,1.151292546497023,0.0,1.0,0.0,0.566493838798734,0.32022500725015723
10469.0,4.238185598447992,4.57873713120784,5.15,8.1755,3.4567582147086044,0.0022107590272660285,0.016702342574683005,0.17391394528670628,0.22689954906741266,0.1798727301889324,0.2737386037855572,0.020663388411132987,-0.01995025245798846,-0.08058607344874115,-0.02829242084413821,10796.5,9.286255850508152,0.6289470387273468,0.4349777868046658,0.2476740575581789,0.13164715027436613,5.939571308894639,1.732867951399863,0.0,0.0,1.0,0.3607332839539425,0.36492373439118436
10472.0,3.0910424533583165,3.713572066704309,3.095,8.8,3.4216222865141965,0.002947678703021371,0.021380952380952386,0.1329175169535336,0.06519236375710794,0.22096153619211345,0.4907425929393087,0.29784147866953725,0.029258106763095062,-0.13982021480188522,-0.06700032905486293,9559.0,9.165343006045447,0.7091564248548821,0.4807798135152552,0.11143756799399852,0.16334071571938694,6.561022623945062,0.6931471805599453,0.0,1.0,0.0,0.3190694229344825,0.3454664498878552
10473.0,3.2958368660043287,4.438111555860049,3.269,9.128662587412586,3.0997457284866177,0.005895357406042742,0.01730769230769231,0.042753054187274896,0.2556856758534335,0.12645924671624714,0.35912820485492164,0.051501963584991116,0.007987896676232585,-0.01488635546045694,0.04522991287769819,9969.0,9.207335862955883,0.6806814225274138,0.4851125183486147,0.16900636881589887,0.1312867108732462,6.561022623945062,0.6931471805599453,0.0,1.0,0.0,0.3328732071914349,0.35437019366378225
11101.0,6.63176673957728,4.784230959943328,3.7246666666666663,9.327666666666666,3.522161886133824,0.01105379513633014,0.01728408230410298,0.19555102350653727,0.19406005499603787,0.23957066937785532,0.2429190213260595,0.027547857813859628,0.00574623949355972,-0.03357968814130233,-0.061592557757975924,1458.0,7.271746967969683,0.686930877661022,0.5310071628385534,0.4066662515203158,0.22411353889852767,6.551200011123496,4.180779239279066,1.0,0.0,0.0,0.04632684667699145,0.4857058457838767
11102.0,5.641458267016472,4.4862037933749805,2.6026666666666665,9.371333333333334,3.3963608048488396,0.0076148366494718745,0.014786928648286964,0.19158637591206074,0.24235823490387673,0.20541012206739193,0.2326964697804698,-0.008568993239247766,-0.032440763120030816,-0.0445602682312172,-0.06970335622440703,5059.0,8.528619961226651,0.615780343223984,0.4594437475995316,0.4277085469663143,0.27489696323561175,6.1331541642734635,3.538599967452361,1.0,0.0,0.0,0.16756447377280992,0.4757408881609328
11103.0,6.367221604288165,4.512978100161139,3.0416666666666665,9.232333333333335,3.457880038861577,0.010316875460574798,0.015002250845337338,0.202801056259039,0.20518741633441043,0.24010619194956698,0.22933079115548052,0.013190244499308527,-0.004234486694613082,-0.05972984708037623,-0.05931228557630063,7834.0,8.965526837639556,0.44387352699413896,0.4281048260357541,0.4567911596099535,0.2935995544896771,6.2854167510029475,3.833280075140524,1.0,0.0,0.0,0.26099252575584136,0.4947258974770809
11104.0,5.888859777003463,4.443469460486239,3.2763333333333335,9.527666666666667,3.444925697298127,0.0076148366494718745,0.01502281988380338,0.1989108209897866,0.21383395713256856,0.20442650852463048,0.26218438914110903,0.02961217160296771,-0.02622174162927322,-0.04736438528324153,-0.06258660524776204,3220.0,8.073757476646625,0.5039376949037736,0.438760199448249,0.4205850727359454,0.21802709086487693,6.643720318234005,3.24894458083025,1.0,0.0,0.0,0.10564945121540638,0.49355704338597833
11105.0,5.7675985745228715,4.3450715046242,2.987,9.311666666666666,3.397369031404132,0.007369196757553427,0.015601921801388544,0.17993871080163037,0.1951678505219546,0.28589715009958083,0.19661207720336935,-0.004318225566438628,0.03891989653038617,-0.08683714386408466,-0.04272634881038407,3074.3333333333335,8.030699950049959,0.4026190750300884,0.43608121667057276,0.4617515502373377,0.2690311478450895,6.42802287271092,3.382405912486242,1.0,0.0,0.0,0.10074517989809889,0.5326999319649626
11106.0,6.052994052623948,4.461580259396105,2.765,9.355,3.4580354726459426,0.008597396217145665,0.014731808288573444,0.19850241590928822,0.2025732962567691,0.2481943924268726,0.20947865428303733,-0.006015060688684148,0.016416350263313787,-0.05559615290806463,-0.04450883023836701,5779.333333333333,8.662160675449627,0.611349961332356,0.46600261334485066,0.435725018978119,0.24348729065308972,5.967581703693416,3.6851924716607947,1.0,0.0,0.0,0.19181648822750433,0.46840969468323984
11109.0,3.5263605246161616,4.845619131458655,1.939,9.128662587412586,3.1328556919709682,0.0007369196757553428,0.016575757575757574,0.2201122473925352,0.1942795030490467,0.09846541443557452,0.22285537591034715,-0.06707874990122603,0.05538695902519123,0.06474272542367163,0.043593353969895464,2414.0,7.789454566086673,0.4962306888774037,0.4042276198742911,0.8385171583294869,0.4879038877785206,6.561022623945062,1.6094379124341005,0.0,0.0,1.0,0.07851323143222677,0.6311809491345336
11201.0,7.510608120197222,5.064290018486008,2.909666666666667,9.879666666666665,3.5136701543980333,0.020633750921149593,0.014211618436533008,0.233620401210113,0.2628869891430598,0.09710816793992677,0.27125121838304395,-0.014531260166241672,-0.08746892303208657,0.1346390923808637,-0.049899299127684406,10100.333333333334,9.220222613847204,0.5439253363680715,0.5304045665931577,0.7002011736265072,0.2589468661633631,6.678102178415613,4.602074522350837,0.0,0.0,1.0,0.3372949071891904,0.5216664725651533
11203.0,4.399977213850217,4.104931689253108,4.439333333333334,8.502333333333333,3.283118006363184,0.013018914271677723,0.01986155462184874,0.12182701435112808,0.1510541325289991,0.3464849631798035,0.2371417103257675,0.06384260949010072,0.09185001317001655,-0.10131169904426808,-0.04579008816389335,9944.0,9.204677674461593,0.1910121349404411,0.44402646756498143,0.20947324919203922,0.1399962949504455,6.058367085956777,2.0681859208562305,0.0,0.0,1.0,0.3320315130294256,0.4540904727475199
11204.0,3.8690261488446573,4.100266051439215,2.731,8.483,3.3697577636477343,0.005158437730287399,0.013582194899817851,0.13534230428797878,0.16021799119375985,0.2389509459456619,0.32721401839338937,0.11095269150193605,0.03361086981138693,-0.0711339534907697,-0.06152412254206275,5194.5,8.555466224494753,0.5111959360074252,0.4791532129747793,0.25305454894900326,0.14736067897174504,6.561022623945062,2.0948273710132126,0.0,1.0,0.0,0.17212645613090027,0.43924920975144044
11205.0,7.343136126744045,4.782823090352308,3.0909999999999997,9.204666666666666,3.456162906046394,0.01719479243429133,0.015082509039622457,0.1910195680672027,0.21438467805055514,0.14577466577612527,0.3164945598671297,0.05736299950743714,-0.04251238902944304,0.06550429706170374,-0.05067269222311987,6985.0,8.851541229133266,0.6572176199406385,0.5355456208926626,0.41874550392230353,0.20187336224596952,6.607703840995559,3.99156509642962,1.0,0.0,0.0,0.23240859201400585,0.45330765502125825
11206.0,7.830410116663991,4.57511093502056,2.6990000000000003,8.753333333333332,3.454065056409579,0.01817735200196512,0.016693079356382572,0.17767221230946376,0.20573269197693045,0.19164824635689562,0.29151830813145047,0.05109688276565728,-0.015900769436548477,0.03363147809763659,-0.050247007907408776,14667.0,9.593264461248067,0.6860751617593147,0.5256704596492151,0.22437103028098745,0.20602464488397043,6.524841751660584,4.5017518748867005,1.0,0.0,0.0,0.49104437411622115,0.3557893197877274
11207.0,5.467759150110253,4.26437064001961,4.175333333333334,7.8823333333333325,3.374712921336846,0.005404077622205847,0.018481352813007283,0.13156452294965135,0.16523606536618587,0.2741973383635417,0.28655324789125386,0.08209280756540693,0.051002671845846254,-0.08055721438079393,-0.03459309491998293,28866.333333333332,10.270214334985157,0.5203571229746254,0.5029105406526165,0.13625447975471616,0.1520157931591045,5.339548029150149,2.815232396570389,0.0,1.0,0.0,0.9691042129598456,0.26034389552639325
11208.0,4.32822875342332,4.4854510747097995,4.809666666666666,7.739999999999999,3.4844806746870085,0.004175878162613608,0.02283299311904625,0.12138905035516027,0.12252662345751526,0.3532650597258418,0.21684799571397342,0.047232726777367375,0.14326403610879498,-0.1229470406523459,0.025911909047629283,18856.333333333332,9.84465679968285,0.6175414765408883,0.501773153063065,0.12591351841886841,0.148021357730031,6.561022623945061,2.118702553565297,0.0,1.0,0.0,0.6320898704913249,0.3052153364359502
11209.0,4.954166089768841,4.498065770361802,2.8846666666666665,9.525666666666666,3.4197370678240646,0.0049127978383689515,0.012339681234032085,0.20080853681851818,0.20740322966444538,0.14893768876159494,0.2951645775076853,0.03791965030893534,-0.025508282860081163,0.01060491477463856,-0.044312826509410465,5320.333333333333,8.579211100606974,0.39995365547171485,0.4793821409451387,0.462629763931036,0.17065240830027809,6.55770852764451,2.908610685509189,0.0,0.0,1.0,0.17636298341301374,0.5072695348583448
11210.0,4.1551184144867515,4.459569105098514,3.940666666666667,7.609666666666667,3.459173013127464,0.005404077622205847,0.02151665291176945,0.1698997633134153,0.18335158988381894,0.19228390705136314,0.26661877837335285,0.02327790933967593,0.04017321528016032,-0.040303847111197263,0.003171443885838822,15369.0,9.639926761148528,0.5519866862741765,0.4621831253073954,0.33766067571938047,0.13391705236087242,6.03975250721808,2.1930837373367003,0.0,0.0,1.0,0.514679146185442,0.37341900418560586
11211.0,8.975685766074557,4.92745969458144,2.8810000000000002,9.586333333333334,3.4448770915099014,0.029722426922132155,0.015763045736931863,0.21964461247308512,0.25257414024441577,0.1435515023586261,0.26193540538054927,-0.0025797108936999884,-0.0713041268081885,0.09428511120614115,-0.06000017081894981,14075.0,9.552225401979427,0.36724359697351844,0.5313111849827692,0.4440154368678728,0.27139234073460106,6.62648617721715,5.024596570953844,1.0,0.0,0.0,0.47111305635984113,0.4816724618503767
11212.0,3.8501476017100575,4.206958706591236,4.63,7.864,3.278784077621609,0.002947678703021371,0.016043478260869562,0.0924756373481258,0.17762029278294547,0.2875734587888355,0.2803784642854463,0.07113321854073464,0.06880674842593404,-0.09072080628539504,-0.017262872409836455,15451.0,9.645493723786172,0.28428008663468063,0.5171236429014243,0.12614417523145674,0.15505876848008485,6.561022623945062,1.6094379124341005,1.0,0.0,0.0,0.5174399030368325,0.3993213193882905
11213.0,6.103547814164648,4.737104625917751,4.362666666666667,8.362333333333334,3.4780763895075317,0.008597396217145665,0.017324242221749744,0.17156979610388315,0.21730974434324168,0.19636695981530017,0.2560232925313775,0.010315642809862748,0.0020084052019151803,-0.0026694099230482244,-0.016709649829826926,16243.666666666666,9.695391917229406,0.4797708448022604,0.4902760668289072,0.2249516220887502,0.16130813921801743,6.4151201231809045,3.469196876847097,1.0,0.0,0.0,0.5441272192669405,0.3705275528132948
11214.0,3.995972211909001,4.121065551071442,2.470666666666667,8.709554195804195,3.381933033514194,0.004175878162613608,0.016428232784164987,0.1430739732371247,0.15171098168492783,0.327252721444185,0.19647798085280063,0.012569705219296255,0.11277061064514116,-0.07857269886185184,-0.015361839539926777,5368.333333333333,8.588151154355051,0.5745437690832963,0.4641419846836167,0.2701738911867142,0.16202302370841304,6.130483122198005,1.7917594692280552,0.0,1.0,0.0,0.1779790362040716,0.42876321885827523
11215.0,7.485842269935709,4.918271149857392,3.207333333333333,9.742333333333333,3.4739753951851227,0.01719479243429133,0.013967366968790125,0.24406102450138656,0.2443842694306356,0.10032725002193228,0.28859218522485014,0.011787528620048539,-0.08839930554733649,0.09316618724875615,-0.06558140639753425,5593.666666666667,8.627994040951677,0.4222987327957526,0.4739940498548094,0.71928610081474,0.24005680345619718,6.5283447506166015,4.352695029689976,0.0,0.0,1.0,0.18556550625098198,0.5650945430158024
11216.0,7.823322575933443,4.565775036291892,3.1306666666666665,8.364,3.460763872078189,0.023335789732252518,0.016446029654525178,0.17430892742089246,0.19140238482528416,0.2184108170384346,0.26879200867426395,0.04026144635559775,0.014442303545965221,-0.012198199933348098,-0.032349516354451775,12379.666666666666,9.423570603504482,0.4864680160147448,0.4965312130904446,0.3900306379795074,0.24252687120189273,6.411194214830526,4.369069709877549,1.0,0.0,0.0,0.41403496958678426,0.4457171473340631
11217.0,7.466943736355557,4.9489253829631075,3.1040000000000005,9.791666666666666,3.4680803881763125,0.016212232866617538,0.014572800571438888,0.2514304194119493,0.24625439408775762,0.12687183369762592,0.25001740701973724,-0.01616243608575277,-0.07523498342558052,0.09137767516937874,-0.0571519864061151,11876.666666666666,9.382398450277265,0.6194515726141011,0.5060323160966315,0.6405114157497883,0.2646395849063992,6.734573023328076,4.316598037351016,0.0,0.0,1.0,0.3971000830471573,0.47892633221831216
11218.0,6.056682457899595,4.547597475813963,2.5676666666666668,9.211,3.509507848849834,0.008106116433308769,0.013309328244854562,0.20652642184300482,0.1757744997687203,0.18498523545505327,0.311269763401332,0.0809344546127491,-0.016735187862383667,0.00028708044132516884,-0.07888828377933989,6332.333333333333,8.752815840972776,0.6146027354407124,0.4771753477398306,0.4140003517270088,0.16821839470416308,6.8240464122313815,3.4970914058127494,0.0,0.0,1.0,0.21043476309114992,0.446871319127828
11219.0,4.035325342997296,3.793060052832297,7.396,9.0,3.2726369213422952,0.002210759027266028,0.01932206119162641,0.15600829060457874,0.12070676369489568,0.3503058411186472,0.15529078021480577,-0.015871256527147014,0.16787442270036598,-0.13093788386533692,0.032360907461509596,6019.0,8.702482080543446,0.49755103123607114,0.48003316032948834,0.17215529159021872,0.15174368201289326,6.4762960850530655,1.6094379124341005,0.0,0.0,1.0,0.19988552959396677,0.4212991146205125
11220.0,5.074484300496105,4.241753118682234,2.427,8.812333333333333,3.478117270816632,0.006632277081798085,0.015732572529655525,0.18078918801044205,0.1810494885115883,0.2054872175506756,0.2784356415891652,0.046931793909148097,0.01915011231540872,-0.04100287633566315,-0.03076524708924835,12620.333333333334,9.442844401023098,0.6853784818279868,0.47163671910857374,0.18508795780440168,0.19249363549674547,6.4106528624131345,2.9288188927813334,1.0,0.0,0.0,0.4221376787197271,0.3483404303724014
11221.0,7.51612349653164,4.468287079061626,4.541,8.145333333333333,3.466190153921962,0.01817735200196512,0.020310488252683893,0.1470819570055163,0.1762391569752145,0.23748911254682634,0.27713196323914546,0.054464073649188066,0.04424409399986545,-0.037009486722781836,-0.005800277759982357,12267.0,9.413851240335047,0.5983150672788421,0.4879122425724442,0.2240695668756962,0.1940141783375293,6.603265182590872,4.245272718049558,1.0,0.0,0.0,0.4102417345633291,0.37948783718869966
11222.0,7.6790243656052395,4.761091890833842,2.622666666666667,9.146,3.418415674802713,0.018422991893883568,0.01402425318529795,0.203558996733062,0.24228227366591612,0.14134469549173265,0.2939758304071922,0.029661150585877954,-0.06945114612570218,0.049837910340966414,-0.07401396372661179,5464.0,8.605972083941792,0.3017808800990072,0.4435669967982297,0.5416682332754135,0.3402102118854722,6.396928374631528,4.526892988951626,1.0,0.0,0.0,0.18119991919736042,0.5684929285325495
11223.0,3.4657359027997265,4.344220919937984,2.355,8.9,3.37394773921478,0.0,0.007322580645161289,0.1458882682866627,0.2798405879988305,0.2194837261472017,0.2406043130003156,-0.008531196826633553,-0.05109297093348684,-0.014749156332458654,-0.07007645248599613,9780.0,9.188197007290492,0.5384692968800664,0.5121502397814766,0.2876276463270189,0.15529738893732428,6.561022623945062,1.791759469228055,0.0,1.0,0.0,0.32650999932664465,0.41801919576782176
11224.0,3.7707060311672236,4.660692354299139,4.073666666666667,8.752441724941724,3.320238779259206,0.00417587816261361,0.020400568181818183,0.21057498841285813,0.23977229340867803,0.1410443203016937,0.2687045966784795,0.002292057475561012,-0.050619714563025865,0.014548537594194397,-0.007712360871161304,11082.666666666666,9.313127174017128,0.5821272804071972,0.536677950139468,0.3177735500534375,0.10311757619182271,6.561022623945061,1.4255553730053518,0.0,1.0,0.0,0.3703678764617422,0.40101478390315776
11225.0,6.798205601303915,4.43541157491297,2.9333333333333336,8.738333333333333,3.455982790507747,0.01105379513633014,0.01615257140225114,0.18913671118931571,0.21390497170413922,0.19505872175597197,0.26840787857007764,0.0288295550983638,-0.018965011853530236,0.002762683415839374,-0.06319999030415102,9448.0,9.15349436215657,0.45418754091951996,0.47448038263246417,0.3147401754061381,0.19796680194636185,6.282971561777274,3.7923342145765875,1.0,0.0,0.0,0.31533230085516134,0.4435335036420566
11226.0,6.692457480309638,4.368671093421578,2.676,8.314,3.42818852146581,0.013510194055514615,0.016398684280544654,0.16543299750284537,0.20733453048376896,0.20964066385879943,0.2879142813279287,0.05337717197726253,-0.010910758097896512,-0.012946704031891876,-0.06083295291537613,14879.333333333334,9.607608707034172,0.4489153866500904,0.465099998561224,0.2414829851190249,0.17789113013073798,6.36345514870298,3.9197774384032,0.0,0.0,1.0,0.49819316319888673,0.387473112792402
11228.0,3.332204510175204,4.518969389480231,3.444,8.437999999999999,3.5988331734291528,0.0014738393515106856,0.01848148148148148,0.11647056029350668,0.0893900213694131,0.19866125627110395,0.4596066482503105,0.243323257453452,0.046382428974774716,-0.09691150938248587,-0.04956361374233853,3052.0,8.023879992734878,0.5194742176681757,0.466109357192181,0.31277199983596804,0.14555753022432327,6.561022623945062,1.6094379124341005,0.0,0.0,1.0,0.09999326644670392,0.4609942806275186
11229.0,3.961311787108643,4.529986957576636,3.925,9.75,3.5098271857397734,0.002947678703021371,0.015566287878787877,0.152416520450744,0.23798525065296527,0.2639638937956823,0.22277469241032094,0.001739166021771637,-0.005249810775007986,-0.06006737744076993,-0.03830446410016315,9654.5,9.175281144617106,0.4778056535869837,0.4699943052837625,0.3692885240912437,0.12788054075092076,6.561022623945062,1.9356005054539454,0.0,0.0,1.0,0.32228469463335807,0.433414604381117
11230.0,4.328245584537627,4.6034928642907795,3.2279999999999998,8.752,3.3963025900708916,0.004912797838368951,0.016053790993020848,0.18905303841684806,0.19792360104548354,0.20251954485431334,0.2312004687073912,-0.008147033255296443,0.029988473589483797,-0.029812127552308804,-0.02674137712655118,7080.0,8.864092802880682,0.4785245864574487,0.5279599302448332,0.3837576860686143,0.1408717832652231,6.524583453450617,2.550848564231307,0.0,0.0,1.0,0.2356070298296411,0.4676915566583162
11231.0,6.550056685173527,5.090420729840141,3.3523333333333336,9.454666666666666,3.4445002680045476,0.010808155244411694,0.013984921100404973,0.23463210875473983,0.25792185992831423,0.0867674622104176,0.28427410521531654,-0.004333797769709568,-0.08913452541192636,0.11152785736776481,-0.04019255431255514,6688.0,8.807225204102346,0.5307030833791941,0.5362904408636192,0.5962095125516256,0.22504549279808997,6.61794587832394,4.128943493449316,0.0,0.0,1.0,0.2224092653693354,0.520886619492961
11233.0,6.792919311153511,4.505332997904433,3.4456666666666664,8.124,3.4763332127859434,0.015475313190862197,0.018400761099517954,0.14588240207728542,0.1647047539928519,0.25745745511928275,0.28581757143672665,0.07626601760842117,0.045377202120507415,-0.06182622308742854,-0.02974726101595089,19172.0,9.859727066844842,0.3187626231616984,0.5178420152030109,0.20259506490081544,0.15794736344677707,6.955805540028396,3.5579732652685387,1.0,0.0,0.0,0.6427176621102956,0.3833808316557219
11234.0,3.796435143922409,4.573092121711957,3.592,8.625,3.432406491327153,0.002947678703021371,0.01814047619047619,0.12481146279116354,0.12131779313841393,0.21915519554020157,0.33782240937922203,0.11342842301477321,0.09204249758742575,-0.11838585682735156,-0.005106204299979384,1454.0,7.282534158624813,0.5909777238848619,0.43222956312820315,0.3268067021667958,0.12983863157220185,5.833484048922821,1.868834809141684,0.0,0.0,1.0,0.04619217561106996,0.45034099947425377
11235.0,4.955928557141339,4.086625075783661,7.288333333333334,8.901333333333334,3.4098049752831443,0.007369196757553427,0.0228027113866294,0.16559456214975535,0.13367082524822035,0.265931803428635,0.23518850105482614,0.030870936812812794,0.10780542900182917,-0.08519691125081937,0.028524019104972598,7143.0,8.873328722761569,0.35121544473804533,0.5228365860724201,0.44165038769443826,0.13130994208157065,6.78886363100256,2.8585502536626017,0.0,0.0,1.0,0.23772809911790452,0.5013706743984958
11236.0,4.53442740613019,4.219037409369734,3.287666666666667,8.059,3.4751312267662313,0.005158437730287398,0.023274638408930983,0.11040024484599786,0.14307907409589624,0.2819101564969134,0.2964980390313723,0.09487099134329675,0.08631340779981438,-0.1232622118519836,-0.019815944078064123,13951.666666666666,9.543132140991204,0.252976603883629,0.42606932708683115,0.2569654493158063,0.13649230852723124,6.676600175624088,2.340956028694214,0.0,0.0,1.0,0.46696069849392857,0.41991795651046226
11237.0,7.3533725886095995,4.533539547114454,2.8833333333333333,8.817666666666668,3.4498886143431,0.015475313190862199,0.01652306523832946,0.17297410613912392,0.18798579775598348,0.18807620490326002,0.3254042423877688,0.0884678847494678,-0.015436272306630977,0.021057179331108813,-0.05379048992588528,18563.333333333332,9.827693902776096,0.6683126495530208,0.474575206040754,0.2136327418684959,0.238126074510316,6.637581737379189,4.281477865465075,1.0,0.0,0.0,0.6222252149125761,0.32715923159079385
11238.0,7.870559492341293,4.862284198252438,3.0493333333333332,9.329666666666666,3.4741240457506897,0.021861950380741835,0.014186435230275027,0.21119383061108885,0.22353390695339118,0.14489637120557633,0.29457419053043155,0.0362979868062273,-0.05386611080189046,0.07111854058091206,-0.05657666282820618,10675.666666666666,9.27576067075683,0.6391848101314584,0.47542697328996536,0.5753996066252391,0.25740065980702637,6.873069129189099,4.364489984583116,1.0,0.0,0.0,0.356665095504231,0.46247546681730833
11354.0,3.218875824868201,3.7841896339182615,2.25,8.182,3.1282214566000697,0.002210759027266028,0.017083333333333336,0.09422072442248464,0.13496060487038145,0.4361477659549564,0.1512570857691268,0.008055364858483625,0.17601010922320012,-0.12938483757216146,0.032784307718737235,5688.0,8.646289764750648,0.5674413054366596,0.4833014216274023,0.2289400821924209,0.15314680177718398,6.561022623945062,1.6094379124341005,0.0,0.0,1.0,0.1887414988889637,0.4218411002542768
11355.0,5.11733020194935,4.109116838434434,2.0796666666666668,9.008333333333333,3.3104599846431917,0.005649717514124295,0.011578125238734943,0.11340910935830019,0.1480916303402892,0.31138315793382493,0.3214187564966666,0.13927514586955145,0.04634365478110921,-0.16306149579176618,-0.057016034483160914,7625.0,8.939170961650158,0.44674027687869966,0.46958663867553696,0.2365386761724949,0.15446647353470325,5.065489571612223,2.5728951650661553,0.0,0.0,1.0,0.25395596256144365,0.4319791097885184
11367.0,3.408523683901747,3.937419711367845,2.313,9.085775058275058,3.2941332408601998,0.002947678703021371,0.01909066795273692,0.12001141107228462,0.196282708373807,0.33788112533868575,0.19202957332510137,0.002936863637472767,0.07450005604827596,-0.1009953392760744,-0.013391010587369629,3210.0,8.07417803109219,0.6050282484308506,0.45135238048775744,0.3985975112517674,0.1521269771270454,6.561022623945061,0.8283022165960001,0.0,0.0,1.0,0.10531277355060265,0.45834716937702336
11368.0,4.499518734073491,4.282918910219842,2.6063333333333336,8.346,3.3897372432453423,0.004667157946450504,0.013330851882180701,0.16175749975320672,0.16954638108805098,0.3028392506230348,0.25621123658236195,0.0707421264544278,0.032804896055292514,-0.09794713868151605,-0.06751656806140659,6460.666666666667,8.772734789213226,0.6992098646684705,0.41106593744674075,0.11642767095317443,0.19907404564941925,6.4762960850530655,1.7917594692280552,0.0,0.0,1.0,0.21475545978946428,0.3625204659182799
11369.0,3.49650756146648,4.428576195326864,3.625,8.714,3.1897044475679213,0.002210759027266028,0.017125,0.14526611735345796,0.19826970645226533,0.2731678280688357,0.2395828403532505,0.0287258841424733,0.034127367966222566,-0.16475425627173318,-0.01319740953687561,7702.0,8.949365142352965,0.7227966486825608,0.4272613801294938,0.18244644556194548,0.16247485101222991,6.561022623945062,1.9459101490553128,0.0,0.0,1.0,0.2565483805804323,0.35856752948813525
11370.0,3.838931750339105,4.602669164294996,3.9880000000000004,8.527,3.3971047219149284,0.0025792188651436996,0.014610788582486697,0.17069995648195643,0.1391115937049464,0.32732276600615695,0.21711029736915383,0.04482652148133943,0.08757111951189388,-0.10980519876739345,-0.052725055855014205,4837.5,8.484298900347058,0.733867189148441,0.46691185841336846,0.20663492067749756,0.17729361512232572,6.561022623945062,1.319528664807629,0.0,0.0,1.0,0.16010706349740758,0.39137322831346866
11372.0,5.718062194214866,4.360752666052334,2.6086666666666667,9.021666666666667,3.421481438026829,0.006386637189879638,0.015574252573695073,0.15614460299386443,0.16743952931206593,0.2981610366483664,0.2417827381799407,0.05030620023682949,0.054382070450280214,-0.10643566748531152,-0.04219122011789054,14637.0,9.589930593947356,0.5720388407547338,0.4416336934955325,0.29279699496924877,0.18131601082781948,5.952723109339839,3.1968292240333525,0.0,0.0,1.0,0.49003434112181,0.3707347034832114
11373.0,5.059302034617763,4.319427536163146,2.278,8.754666666666667,3.4112943263951103,0.006386637189879638,0.014742249685798072,0.18433949807479885,0.219043822637109,0.25091155900302936,0.21689900292604716,-0.0017032194477710563,0.0008336834893951072,-0.08843839340059916,-0.04042117706127963,8939.666666666666,9.097858163467405,0.6215480773244053,0.4567100539667687,0.2625608888392647,0.18243580900132658,6.208513567985034,3.0169585324417185,0.0,0.0,1.0,0.29821785289430564,0.39638816431772983
11374.0,3.7670309016006285,4.499091144437038,3.1856666666666666,9.085775058275058,3.394577937520667,0.003930238270695161,0.013592917826800886,0.1785487139275658,0.20218846141680183,0.2692313874430942,0.22165737993946533,0.01433977387992718,0.0162293657074799,-0.10262536604137147,-0.058342822748453455,4363.0,8.38091036269019,0.5501691607447962,0.46886996637719375,0.4814210107177496,0.1766275841991107,6.481145336561558,2.0579287013006455,0.0,0.0,1.0,0.1441317083024712,0.4865235384493573
11375.0,4.385137077150176,4.541913095568234,2.671,9.619333333333332,3.3146386629014497,0.0029476787030213707,0.012127991037613778,0.1723603919698318,0.21971429372477583,0.20187060275233237,0.24879777835212558,0.005028002689993778,0.002090592547738721,-0.01572858858449314,-0.026621581520452558,3812.6666666666665,8.243347348765537,0.5243429484932373,0.45981194319513935,0.5787467431525389,0.14726081707204383,6.664619688972244,2.8544377090099307,0.0,0.0,1.0,0.12560321414944,0.507174668155409
11377.0,5.826042209657838,4.394482870525153,2.8143333333333334,9.009666666666668,3.4394909902847637,0.008351756325227217,0.01622598453031926,0.1720415944557675,0.184073475361807,0.22790257768528907,0.28698925336157405,0.06660575852418756,0.00695910538894982,-0.0895502323331208,-0.05488580441783411,5104.333333333333,8.53546607553983,0.6229196469842767,0.4223749432324742,0.28572373637308673,0.19183481899400553,4.736916004059005,3.6016631556456145,0.0,0.0,1.0,0.16909074585325337,0.42158462115240725
11378.0,3.600958158765814,3.8442291230736174,1.7955,8.7815,3.5243917500166413,0.0014738393515106856,0.013327380952380955,0.09763835348809759,0.10715489015426663,0.31557407873527454,0.37556285094580655,0.2042008317381102,0.06567403159889106,-0.138243332283322,-0.09344925998175274,2996.0,8.005222256914557,0.39797665760852396,0.4593212367035448,0.25911360293626784,0.1593271207809448,6.561022623945062,1.5890269151739727,0.0,0.0,1.0,0.09810787152380311,0.47633548625768607
11379.0,3.9369891898022504,4.32523808659467,2.5549999999999997,8.9475,3.3653627053804662,0.0025792188651436996,0.012064880952380952,0.18626712527780218,0.12821878386635538,0.27323096227566046,0.24522115032961,0.0525947207649875,0.085148287711172,-0.04380940182035123,0.007775306339194773,3320.5,8.10662663683593,0.29574316111393273,0.42165265639778227,0.3138775032013654,0.12751927183941003,7.467371066917559,1.4451858789480823,0.0,0.0,1.0,0.10903306174668373,0.4916546417155883
11385.0,6.114110440620429,4.227868240571392,2.7136666666666667,8.474333333333332,3.3852515796481497,0.01007123556865635,0.016568277065428287,0.13702082380285655,0.20736840845635574,0.3027200257981564,0.22556997366855266,0.025074303957042063,0.03129267844358891,-0.05334856039605033,-0.02828831719547378,5416.0,8.593748865506088,0.31649124968680553,0.43389000599078525,0.22212282250324888,0.1703852628668149,6.057037539522672,3.727932067534758,0.0,0.0,1.0,0.1795838664063026,0.4660645950535482
11412.0,3.49650756146648,4.364295360643567,3.062,9.0,3.2544842523355686,0.002210759027266028,0.015718750000000004,0.07576524940668605,0.17779762062127702,0.22626623266842216,0.34771377133438364,0.10989883314951496,0.05125821111891561,-0.04794647829072088,0.007048728373841118,4924.0,8.502079553606189,0.21950756091973744,0.3950764891196741,0.22490409549325704,0.12696123679168525,6.561022623945062,1.3862943611198906,0.0,0.0,1.0,0.16301932529795973,0.4728829870373838
11415.0,4.194679909953177,4.11365646034799,3.013,9.064331293706292,3.4747508332077834,0.0014738393515106854,0.009064012215175006,0.12767489561108825,0.18620130712670047,0.23864173534242464,0.3053664012476478,0.08171061050481415,0.023808922999801804,-0.05455566756839743,-0.04356542089599546,2582.0,7.856704919559961,0.5846404281110154,0.4356705769896507,0.45854755423963073,0.18718993157148364,6.561022623945062,1.647918433002165,0.0,0.0,1.0,0.08416941620092923,0.4825196436977641
11416.0,3.828641396489095,4.749755260945649,2.556,9.0,3.5939580876008166,0.004421518054532056,0.01588888888888889,0.1620863420681821,0.2937271242754327,0.19172599222511053,0.20677034341626696,-0.05944680838154522,-0.04510404258761632,-0.049337594960050565,-0.032647476620324106,5465.0,8.606302366488013,0.7331196810991969,0.4194467792140131,0.21629919890314345,0.14790186636149885,6.561022623945062,1.3862943611198906,0.0,0.0,1.0,0.1812335869638408,0.3738589152831235
11418.0,4.763898348761697,4.084616321043929,1.9233333333333331,8.881333333333332,3.4305730202170803,0.003930238270695161,0.012388373500844018,0.10004179811537317,0.11812442532561633,0.24839461813444433,0.38145178113163974,0.1730083601266029,0.07108171278710886,-0.12309519118029007,-0.005993575033055706,3541.6666666666665,8.172200060357676,0.734468812753524,0.4083746663527563,0.26234774276614187,0.16605881338318193,6.4762960850530655,1.7917594692280552,0.0,0.0,1.0,0.11647924943325927,0.3971666320630594
11420.0,4.043051267834549,4.0943445622221,2.0,9.128662587412586,3.1630610457618045,0.01105379513633014,0.012428571428571428,0.10107392396977437,0.18917730921280704,0.3382732895302719,0.20109365501308016,0.008689788158495448,0.0937706565681444,-0.09278242223217548,0.03271970535720788,4760.0,8.46821300919452,0.7764652712212409,0.4330002163187601,0.17507782846689224,0.14037841847864913,6.561022623945062,0.0,0.0,0.0,1.0,0.15749781159517878,0.3628986760895764
11421.0,4.48863636973214,4.022311359322268,2.193,8.887,3.1775802333701137,0.0,0.011215909090909092,0.08360193844418973,0.1347271366447041,0.2814840312031182,0.3565114526480267,0.15592608640890895,0.07333930450353485,-0.11049547617972227,-0.023172631961715803,6541.0,8.785998208098329,0.678884117747657,0.4276491438504309,0.2156598207657225,0.14641745416447524,6.561022623945062,2.0794415416798357,0.0,0.0,1.0,0.21746010369672075,0.37867643946725016
11422.0,3.4558034100719532,4.177376700484791,2.7439999999999998,8.905887529137528,3.1503199946347142,0.0014738393515106856,0.01506950796950797,0.08562310205878797,0.08903015386402698,0.284509169036584,0.3506462570106996,0.15648491180159887,0.13373819371311815,-0.13035772129259654,-0.030010687234932772,427.6666666666667,6.058578671523051,0.2530755993599693,0.36350661638425663,0.28903625202675665,0.15218093110869327,6.561022623945061,0.9985774245179971,0.0,0.0,1.0,0.011637824613381816,0.5080020751092711
11427.0,3.3672958299864737,4.112037121753018,1.964,8.296,3.3347522822540028,0.0,0.0195,0.0687659061181226,0.14417428127489984,0.2452125271915325,0.27774710510857403,0.042226160493325685,0.15100362357000727,-0.16628632790139536,0.0702812037186857,1601.0,7.379008127628304,0.7461877322057262,0.4454977936111391,0.32214156180620196,0.12922638531774286,6.561022623945062,1.0986122886681098,0.0,0.0,1.0,0.0511413372836846,0.41990733424913457
11429.0,3.6635616461296463,4.358054075282972,3.3680000000000003,9.0,3.4739259567697722,0.0014738393515106856,0.010131578947368422,0.13691559335903114,0.14722145944343587,0.15615998360475428,0.4191081588107504,0.172909303466572,0.003562218310454578,-0.06872357296469754,0.01955015468477732,2947.0,7.988882253309227,0.35543622460681945,0.4058965438525775,0.21415132700465628,0.13704674207605422,6.561022623945062,0.6931471805599453,0.0,0.0,1.0,0.0964581509662649,0.4610400474720408
11432.0,3.6998933898477007,3.82045073226719,2.3183333333333334,9.020554195804195,3.311940380375548,0.003930238270695161,0.01505935534591195,0.10318162841871244,0.19665509867174377,0.31527460973750826,0.2260829273682572,0.024937667714557295,0.06939981526441198,-0.11312343535420359,0.010399896696144042,3546.6666666666665,8.173419328037065,0.7327908583295842,0.4669445149969154,0.34924708413581057,0.1479602878711497,6.602218991852684,1.4606755448912938,0.0,0.0,1.0,0.11664758826566113,0.42294268808172614
11434.0,4.498435097935644,3.91154931093821,2.9136666666666664,7.763999999999999,3.2960746864701562,0.00614099729796119,0.020606607290526744,0.12094489435372523,0.1431374455198197,0.3341939606159961,0.21764647531375683,0.03536467999850789,0.12371244610004646,-0.13841668848867109,0.011186080171192334,10869.0,9.293064268208537,0.21917802072130144,0.39862444986647455,0.21735260039567947,0.14283587723970412,6.561022623945061,1.9012608248854004,0.0,0.0,1.0,0.36317419702376946,0.4352921419513575
11435.0,4.163742208094132,4.010981006871733,3.0675,8.671,3.2757639341058447,0.0025792188651436987,0.010849700149925038,0.07505935889904736,0.158793035860307,0.344454917906044,0.2626381407890735,0.07897254556133546,0.10233899358825883,-0.10207505565158177,-0.008480078354777822,7866.5,8.970472507539647,0.7723255034943577,0.4236990140925627,0.28185655176639557,0.18980969585478305,6.561022623945062,1.0986122886681098,0.0,0.0,1.0,0.2620867281664534,0.37219060601058607
11436.0,3.828641396489095,4.245949146353995,2.244,7.8889999999999985,3.454562602201601,0.0007369196757553428,0.0188,0.057821408783396075,0.16016294931372008,0.2410567354410887,0.23133274275395604,-0.017379446205388376,0.17939546773475884,-0.12715481673448648,0.14594493769852224,5584.0,8.627839711503299,0.5115079511888325,0.389189687120961,0.17640637677162888,0.15588020317256446,6.561022623945062,0.6931471805599453,0.0,0.0,1.0,0.18524005117500505,0.4049456529402633
11691.0,3.49650756146648,4.442651256490317,6.312,7.393,3.6755092195507646,0.0014738393515106856,0.0209375,0.16688137623714286,0.19038792938226834,0.10164223887841216,0.3830309479963033,0.10507269205273292,-0.02792141499123463,-0.05503341687152908,-0.015646031566061196,8741.0,9.07589427542326,0.6214953896414954,0.4955111034214497,0.21948981717228888,0.13785603100433946,6.561022623945062,1.6094379124341005,0.0,0.0,1.0,0.2915291899535385,0.3879664744006088
11692.0,3.6635616461296463,4.653712700447247,3.526,8.649,3.4003198037207962,0.0,0.009710526315789472,0.17665272737902246,0.100388569389715,0.13428041993297246,0.4500641542928,0.21137978429305168,0.012302164760996829,-0.02729437791158696,-0.030183194804117162,6497.0,8.779249716229046,0.5829261275939643,0.4718415095412638,0.2106366643309593,0.12774449078366162,6.561022623945062,1.6094379124341005,0.0,0.0,1.0,0.2159787219715844,0.4022635630180672
11693.0,3.9792887831930166,4.689442705648911,3.963666666666667,9.376220862470861,3.381427660814587,0.00393023827069516,0.019082038288288288,0.18069867428146405,0.18354777184085344,0.08403830642133041,0.3873308491877206,0.10496053529691589,-0.028615718085871388,0.05830382270767114,0.008712043882804521,278.6666666666667,5.628932210985638,0.585386052611284,0.443116425924624,0.24450314109524088,0.12186041404803594,6.824754967088675,1.7309856169634035,0.0,0.0,1.0,0.006621327407806432,0.44349452020976216
11694.0,4.394449154672439,4.816953452931665,3.5380000000000003,9.047,3.1832486472250494,0.004421518054532056,0.0150625,0.12161074489122255,0.3324611301417463,0.09458258320810273,0.3327817576355301,0.01692319061628569,-0.12724395844355854,0.08243503084607505,-0.011694865364189145,1756.0,7.471363088187097,0.3051491542719305,0.4658249607309699,0.39070610344409934,0.11620066258125007,6.309918278226516,1.9459101490553128,0.0,0.0,1.0,0.05635984108814221,0.5222445462792493
10010.0,7.149092480603213,5.21360014981352,3.1193333333333335,9.549333333333333,3.414570303230436,0.020633750921149593,0.017861113306906803,0.1743246849615027,0.32209485178808694,0.1340266642751802,0.19144912306259756,-0.10749558163163231,-0.05949179160567237,0.06002748930630177,0.038249093941926327,,,0.43549556529615074,0.5234329069498926,0.7651804693043233,0.26424130988307293,6.5007672939746035,3.820684378198824,0.0,0.0,1.0,,
10020.0,3.49650756146648,5.047854004578864,3.812,9.128662587412586,3.4094961844768505,0.0036845983787767134,0.022500000000000003,0.2928968274209183,0.2115937133494299,0.1345916778082028,0.1480375007377006,-0.1151087354289827,0.016423109382658542,0.03954035454677242,0.029282336514012068,3243.0,8.084562415235304,,,,,6.214608098422191,0.6931471805599453,0.0,0.0,1.0,,
10033.0,6.254170267260446,4.358087639005782,2.9996666666666667,8.757666666666667,3.4636606940640693,0.014247113731269962,0.017758003596265257,0.16632302047997996,0.18477041441442332,0.2428979295452164,0.24940636267030758,0.029972631374523773,0.03702165427941122,-0.03792841233703089,-0.030074310376974934,,,0.6556805852257336,0.4969474707225648,0.3382833958168825,0.1885757961434623,5.544531685523242,3.6778661694212027,1.0,0.0,0.0,,
10036.0,8.113840089064734,5.254907593219269,3.43,9.801,3.4546432598539347,0.028739867354458364,0.018887233101589997,0.1954621762300437,0.30158942279844075,0.14334099477764947,0.16006715903933272,-0.13072398039885627,-0.028918674467785305,0.055391072782043645,0.02705916832906685,,,0.5320726541491846,0.5340227607654621,0.7095382653673489,0.29341425350556777,6.211523069765782,3.6737059490133332,0.0,0.0,1.0,,
10040.0,5.7685226763053805,4.394575261080349,2.9233333333333333,8.313333333333333,3.465532915858748,0.009579955784819455,0.01636667320642384,0.16381233044323015,0.200674877745749,0.2412491629757212,0.255755305291077,0.03406251740663683,0.013962604156432657,-0.02334604113010526,-0.03778198101455776,,,0.6485880663385615,0.46768084820359945,0.34026956093808014,0.1898727052037915,6.290765295149394,3.187679138181897,1.0,0.0,0.0,,
10075.0,6.895945919896239,5.019728147077897,3.0189999999999997,9.410333333333332,3.4782607677666584,0.01596659297469909,0.018141676864264586,0.21533122133946217,0.28510999024692696,0.1521823764787574,0.16453116937359188,-0.11387783208925957,-0.0320667866660447,0.04627930804493705,0.012719816432040433,,,0.21055387596910202,0.5673993193777278,0.7992032641327628,0.19353793998559313,6.349078504376423,3.0190630641606693,0.0,0.0,1.0,,
10128.0,7.30977421939992,5.01964150645172,2.9890000000000003,9.648666666666667,3.4427630393888013,0.014247113731269958,0.018006259147315164,0.21598212874009834,0.2614076801811509,0.16313546476458837,0.1907759842219603,-0.07536535146566012,-0.027606344017949976,0.039208200063609276,0.0012415926387885935,,,0.329429004904038,0.5606336613418534,0.7966386609276134,0.2295789183676243,6.346812296753444,3.7241724978317894,0.0,0.0,1.0,,
10199.0,3.6857446476071387,5.081688863135657,3.293,9.564331293706292,3.2820671040261953,0.0022107590272660285,0.017431034482758623,0.16704593737058793,0.27941156876710704,0.1804969078220121,0.2251403669401168,-0.041035607929988935,-0.04329008107757815,0.044222207146070246,0.011410987232667773,5221.5,8.56073016893203,,,,,6.825549729860578,0.8958797346140275,0.0,0.0,1.0,,
10271.0,3.0910424533583165,5.198497031265826,5.0,9.128662587412586,3.2377443091725837,0.0014738393515106856,0.010666666666666666,0.20639213644677684,0.4214513715622679,0.06316418843787341,0.25106830265195595,-0.07867539804452,-0.2410662461546441,0.1794265798242608,-0.07335718171761701,2281.0,7.732807530422021,,,,,6.561022623945062,0.0,0.0,0.0,1.0,,
10704.0,3.58351893845611,3.8918202981106265,2.0,9.0,3.407841924380824,0.0,0.01077142857142857,0.16375984658620188,0.18746874343071665,0.11098652112164667,0.466028099453875,0.2053028058246255,-0.0948779821625232,-0.04149286626992473,-0.1464572426931167,,,0.4861876680515706,0.39989451511064544,0.3110175213217736,0.1325445932522416,6.561022623945062,0.0,0.0,0.0,1.0,,
11232.0,5.2336103168889245,4.254780668778022,2.581666666666667,8.739333333333333,3.3593331094331855,0.005895357406042742,0.018594984311554076,0.15740033272744405,0.19574228503933674,0.2540754528924027,0.25751476404973056,0.04175242841385305,0.01998573073265474,-0.012262472496785517,-0.052936331671727954,,,0.7073204277160888,0.4475964543720086,0.23698744297338029,0.22028027225285765,5.0533909911593335,3.107055309021689,1.0,0.0,0.0,,
11249.0,6.9634947257319375,5.048975897428775,3.1456666666666666,9.780000000000001,3.439920352507371,0.01105379513633014,0.017229155520305163,0.21884671662610475,0.25798478114141765,0.1252789214677808,0.27680559784873465,0.0036942253454348337,-0.08306390222027012,0.09449916728234375,-0.06211722927088609,,,,,,,6.777750189669384,3.667733078882513,1.0,0.0,0.0,,
